user_id,type,provider,provider_account_id,refresh_token,access_token,expires_at,token_type,scope,id_token,session_state
user-1,oauth,google,1c29f728-b8c4-41f2-bac1-97aa6fecb85e,c995ea70-7cbc-4a23-b802-43c499562797,f57a7f58-c5d7-4a95-901f-68bb78cdd8a1,1694323809,Bearer,read:user user:email,db0c974d-3b31-4753-8959-c411884a90eb,a4fac9df-a30c-44a9-b0d8-17c5f9c75e61
user-2,oauth,google,0ba059e8-145a-4b63-b76a-d3ddabaf04a2,75fcb6aa-fa40-46f7-a2de-908c82650d13,e18135d0-99b3-4d88-ba11-95fab49b20f9,1676745786,Bearer,read:user user:email,cbfa4b6a-4789-4064-978d-93dc33acf3b8,4c9ffb5f-5a8b-49e6-a637-12158519bca2
user-3,oauth,google,920f4b38-a664-4e92-9b91-af5266699c48,5fe1ede8-c2be-4917-9932-cf58d00159e4,dcc71023-7ae7-49da-8dc9-399b4cba1546,1680550341,Bearer,read:user user:email,4d3100ef-b1d8-4004-aef2-ca12580af20b,12933640-3fb9-477c-878d-aa6a23110492
user-4,oauth,google,206b3821-4836-4188-9c13-7aa632bda59c,562fa555-020b-4059-910c-09a57b8b626b,09e7fe8f-47b7-4b58-b296-93c044a8305d,1695667429,Bearer,read:user user:email,e60eced6-e676-4a1d-99d7-29fbeaa96d14,821f2ed4-9c39-4a1c-a9e0-4f56b4007d60
user-5,oauth,microsoft,e6274ad0-5476-48b4-ad29-4ef468715dae,dda3aed4-003a-40ae-955b-6b753b818032,43bbca89-babd-4009-ba82-3cd04327106a,1684382568,Bearer,read:user user:email,8242c04e-f445-4809-b8da-c03ecd7882b2,452dd9fc-92e3-425b-b1f0-a4757d58ff43
user-6,oauth,google,5478661b-63a5-4e1d-a486-128d58266a2b,e21b30e4-83ab-432e-9a66-dd06924124fc,99defcc0-a087-421b-93a0-f595f54af673,1664293957,Bearer,read:user user:email,6e8a3a21-2baf-4d6c-9cea-5aa9051fc38f,a3bf4926-07b7-4639-a31f-2b39109634cf
user-7,oauth,microsoft,8c2d26a5-7577-4f57-b49b-51302e07c9bd,423f5b61-8641-4ad8-8c24-ba82166da19b,08098630-aac9-4489-acb7-c977aaa95ac1,1698563917,Bearer,read:user user:email,1729e042-e5ca-431e-980e-c4ae22429241,598b646d-27e5-48b6-a245-29783f1e89db
user-8,oauth,google,dc532212-1337-4523-af8b-b4b7d386b96c,2327a73a-7232-4201-a2bd-84e7eb06c70f,0ee6d40c-5e90-4648-8037-d75f928c5450,1641711070,Bearer,read:user user:email,4c63507d-463c-4fc3-b127-adcbf3336b41,d07c7732-1cfd-48e9-bd15-373bc7d5f0ad
user-9,oauth,microsoft,55e2e7a8-4718-4c9e-a30a-f0dd7c2ddb9c,fe3df552-abe7-40b3-84ba-fc84c586ac96,a043e695-12b4-4d4b-873d-19de89d0f38f,1701903052,Bearer,read:user user:email,dba5e777-6d01-46a1-ad4e-ebb481d2d819,45ae11a0-015a-4d19-95ab-c589a953099a
user-10,oauth,github,9ddc43af-30ac-4457-ae1d-4439c58310b3,3c6a3ed2-a467-48bc-8e73-38aba7b487ae,b9d6af4c-e96f-41ff-bf53-249c28458ac2,1661492669,Bearer,read:user user:email,0310941c-0c98-4c57-83ae-e7ae31fe5f16,b9d00cd8-dcd6-4cf4-964e-0302c85e5841
user-11,oauth,google,dc5f0765-3336-4ecd-844a-a6941a75b281,6c117d6e-0380-4f47-8e81-0171ada242c4,acab469b-d501-4ad6-acda-e14e7beb18f8,1663526158,Bearer,read:user user:email,d27e281b-7b48-42a0-a8e5-8a7b0e6fc7c6,77a044a2-9634-4db6-a277-4d39d696be12
user-12,oauth,microsoft,d44ed26b-ec91-4b7d-9d23-1d7f542e0681,44f3311c-b47f-4b2f-80f6-231f6c5420fb,33c7999b-9bad-44e5-9821-bf71660c3992,1699962358,Bearer,read:user user:email,b4d10326-8ab4-49bd-b022-64541c93581b,7b5fcdbb-a4de-4712-a449-8df3dd21d91e
user-13,oauth,github,294f7ac7-b15f-4a91-a826-e64afcda7f50,733e5622-d728-47c6-bf9e-99c7991e60ae,28cde7c1-f578-4ea5-8fc1-8f51458e0bc2,1666311032,Bearer,read:user user:email,5e75e063-312f-448d-90cf-db06a410f149,ad3d42e2-1324-4f24-b02f-0e61aa8df2c7
user-14,oauth,github,eb6e55c9-d6da-4e17-bd82-f8797da8c2b8,f4b0967f-fd7c-4dfd-b2e2-675e946ac617,c6a41395-e828-4f6b-9e45-2788cd02d686,1685255382,Bearer,read:user user:email,c11dc366-395b-4f69-a08e-4ee02d630358,b1ea4705-3f92-4e1a-bc9a-6dab36c3a83a
user-15,oauth,google,7a23d4c0-4a31-4182-89f9-553d00b8ad15,a1271263-c3f0-4e0e-a202-2bc439d83676,892504f8-ccfe-4bd8-9b65-dd4e55be6be2,1664758014,Bearer,read:user user:email,dce18b48-c610-4f37-8b26-88d56564e808,7232cdc9-600e-475b-ba4f-19526b76f686
user-16,oauth,github,2ec69058-61c6-4b8d-a703-7dd4262f1a12,8ec62890-a089-4d46-99e9-70182ad751d0,e625b60a-12a1-4055-b7a4-f5feee1525a1,1698573840,Bearer,read:user user:email,c966bcc7-f445-4a86-8ab7-2a870a08f542,c57b7cfc-5f2d-46b9-baf7-fffbfb738a60
user-17,oauth,github,535fadaa-d31d-4155-9137-6a8a279376cf,94328604-3436-48b2-afbf-470b6cb54996,fd8af371-8266-4714-81d3-255233b613ec,1669261858,Bearer,read:user user:email,fc656060-d1e1-48e1-859e-dee888ca046d,456859b6-e7b3-4d82-a714-cabbb5e863e3
user-18,oauth,microsoft,2ce92d67-3dc2-4ad5-a215-1992b605d15b,14a34a54-66fe-4de8-b661-ea1488d56f3e,07e85b2b-c0b7-4926-82bc-93a94c71d5c0,1695352179,Bearer,read:user user:email,8e79a203-6da8-4150-a642-a46669e0b527,2ddb5fdd-c470-4ba4-968b-6babadc5afd7
user-19,oauth,github,4eff8f87-57e2-4c48-9b94-9d1e98e8ef77,472d186b-fa07-4a56-abe5-be2dd2b6941e,c8bea7e6-7e91-4e99-831c-707d76e20603,1678106518,Bearer,read:user user:email,f3133ece-5467-4131-a8b6-23f7ba6d027c,1d1fcf92-ce19-4287-af5e-defe51be05fb
user-20,oauth,github,a11b12e5-6c13-459d-ba2d-13b77a4d7057,e26c744a-1bda-4a4d-8cff-b66e7913640d,a8dad4b2-80f3-42ac-8fd3-328f2c7d425c,1651434108,Bearer,read:user user:email,3b10f148-6b21-49fc-81e2-0eaa94e8e287,5b68cacd-fc61-4620-9021-84d8e5413482
user-21,oauth,github,43c1c6b4-6887-468e-9b98-7774bc46824c,293075cf-6af5-472f-8627-b1677800fe0d,bec07dd1-4234-42a0-88a5-b7ccd04dd331,1672725381,Bearer,read:user user:email,f7b1ae14-597d-4157-89da-29ac0e54af4e,cbcc1079-fc20-41ea-ad0f-fdba01b0210a
user-22,oauth,github,d4ca1a3a-60de-45a4-8cb3-44a6aa20c367,5e00b137-c616-46f9-b59f-05aad4674a90,b08ffd84-ab99-4252-a68a-4128fb9560af,1677093232,Bearer,read:user user:email,33c2cd34-c67f-4a72-a92a-bce34b269165,563f6d85-7c86-4ad9-91a2-c628340214e9
user-23,oauth,microsoft,ad8967aa-bec0-404b-acc1-d58fee4780b4,4e5a9e58-e731-4237-8c9f-5ca2271803d1,4dad6270-8271-4dbd-9247-64a46328b850,1650269927,Bearer,read:user user:email,c8a61fa7-c009-47ac-85fe-30f7d107624b,19e78aa4-278b-4766-8efd-f9ab0ce81c97
user-24,oauth,microsoft,d82b93fb-c860-4400-9b61-e18d1d7dd84e,1980c17d-e81b-4b5a-a95a-f4873309c208,03dbaa2d-d063-4dee-8859-9e9276e5b4e0,1690256109,Bearer,read:user user:email,089b4553-164a-4f00-af8e-d4b529422ad3,ed02ce28-80c4-4f36-a8c0-05adfbaa0568
user-25,oauth,microsoft,208e0049-d1d3-442b-86b9-9c1b302f53a3,72b2f289-9484-4d72-84bb-648dceb37cae,c3b2de60-a611-4ff8-b9ce-8f2fc9469f28,1647173451,Bearer,read:user user:email,a4330bac-140c-439f-839a-35ae5e1ce8d9,dda2bfc3-bd51-4821-870b-ef4af7b3a76a
user-26,oauth,github,2b92e911-4b6b-4bd2-9b53-359cae8fbab8,679a49c2-482b-4a89-b3b5-dea9ccff2e29,2af2c003-61e6-42e8-a346-446221718b1f,1703486622,Bearer,read:user user:email,c594ecb5-8e10-4b90-bdf1-be5d7ad5c3e6,1f52ef96-6267-4c6e-8303-5bf6fca8711e
user-27,oauth,google,b34b36cb-a067-4742-8346-28f6c6dc667e,e30d9609-611b-4d54-9495-02fa80ad5c62,f6d0c37c-be3a-4ea2-8632-34dc0276917e,1698914127,Bearer,read:user user:email,8433ebb4-a467-45f1-a94a-132e772aaad4,9117a177-6265-4c28-987e-791750ce88f0
user-28,oauth,github,215fd58c-9147-481d-9d21-04a480afaa8a,40ff0f2d-4354-44bb-8a97-3798c7de9479,02153e15-ea60-43cb-b294-a9fed54754ce,1681814505,Bearer,read:user user:email,2c3958c6-8d10-44eb-82cc-83d5bd16c17e,0cf50dca-ead9-42e5-8c94-5c1b00989fb7
user-29,oauth,microsoft,eb542806-20d9-439e-bab8-716a42c0b59c,f061f60d-f069-4aea-9bee-67442f86334e,36f40a00-1d2c-4e12-8865-e6e095001b9e,1646651572,Bearer,read:user user:email,538d8ea1-c99d-4ffa-9c5b-830e83f26430,256b1a45-7316-4267-a150-4f19997e4c38
user-30,oauth,github,7f1cb57c-641b-4f28-8883-5149a15ade6a,518a120d-6685-4ff9-a626-33dfe244fafd,904f29b8-79cb-4120-923d-815e495cf7e6,1668410251,Bearer,read:user user:email,3e5e7197-40b8-42e4-97ec-c8b5bbb88149,04de3d7b-8abe-4c16-a64f-203085bb7d8c
user-31,oauth,github,3bce091f-2a89-4f26-8208-c4803f77d68c,ade3ba84-7df2-4693-a076-a909d38209ef,de415091-e574-44b9-bbec-3b78fc3a4996,1701567287,Bearer,read:user user:email,bf93c647-7078-4244-9d96-b19e8b28748b,d2a9ba71-f3b9-4269-a9a2-16ebafb205e3
user-32,oauth,github,827491fa-ed2b-415d-bf9a-648ff7bd9875,69b6cbd6-f480-4ab0-a151-dfac74e8816a,795cf2d1-0887-476e-b8d7-8576ff8cabf9,1667862763,Bearer,read:user user:email,78157f6f-1bd9-48ca-856e-345b18f35aaf,f64bc525-5fd9-4d4c-b330-5e758d542703
user-33,oauth,microsoft,5e981fb6-d01e-4dd7-a5b4-f6d7cb2a110b,2eae371e-63c4-43c0-bd51-14a4a2ee2794,cf25057b-7ceb-4a23-bd15-f02c370a389c,1668174347,Bearer,read:user user:email,69f272d7-379b-43d5-9cbd-1154f04c4cae,fbbd2f93-9903-4f7f-b0fb-a76fbc451b59
user-34,oauth,github,f6c7f068-4e18-4b33-bf4f-fe4a34e8c80f,6afe4de3-eaac-4124-ae60-38861245e420,d06306b6-1c50-469e-8238-081f6b53964a,1655281931,Bearer,read:user user:email,6426d606-e047-41bd-b638-a9cb6189033e,c435fbbd-0f3b-4f67-a31a-1fb6fd68f747
user-35,oauth,microsoft,0675fad1-8a62-418d-b85f-d3a93b6981e8,bb4b017c-aa2e-4232-baf7-344e2bab4bcc,8de9ea6c-db9d-4ce6-a2e1-04611316827e,1669945541,Bearer,read:user user:email,6ba6def0-3bd1-4f9f-94f5-97d5153c276b,6e555326-af74-497f-9a9d-e9afc6bfc9b2
user-36,oauth,github,ccedc0ea-2694-42fb-ba53-3a084fe97c3e,7e042a18-70ba-4f0b-b4cb-6c5d0685c85e,4a266bd5-8f2b-462f-8db2-459836d2b3a8,1684553058,Bearer,read:user user:email,c9b2e950-6186-493f-b2a2-5663d9ce4930,ca701f7d-c590-4df0-b728-7699674da519
user-37,oauth,github,e119a74e-4998-4470-8fc0-43bdcf7e0580,0ea8b0f1-0135-4069-a275-98ed59f97cec,bc2260f7-7cc9-43f5-b5c9-757820a9903f,1660964791,Bearer,read:user user:email,649a9db1-e9c7-450b-92b0-dc6fa0e42a8a,88b1ebe6-a0d2-4677-ad00-6445e9ec87ba
user-38,oauth,google,b25056b3-bfb9-4234-8cf6-72afbe0ff1ec,687551fc-34ab-4b79-9654-7dd5dddfc5bd,5d8bb885-c8c6-4ac2-a603-a50dc905c8e7,1642472451,Bearer,read:user user:email,558707d4-042d-49b0-a9bb-560634e977e1,3435f47a-ddd8-4bc0-be8d-b10d1b18272a
user-39,oauth,github,bc739b4b-01f3-4e5d-9690-f3f3321295ea,0afc02a5-8d25-4fb9-a056-4abc36608261,a69c6542-d595-4491-878f-85a5df1ca017,1673042622,Bearer,read:user user:email,24caa282-adbe-42de-adb8-af9e5ef56f41,06498f4e-acba-4ea3-81d2-86f817a37246
user-40,oauth,microsoft,c9725d53-6661-4d08-842d-bdb18b8aed18,7afb64ae-2864-4391-95c1-5f9cadf82ff2,6404f45e-ab10-4873-aeaa-e36bd10b2ae8,1673169776,Bearer,read:user user:email,b2ff767f-cac1-414b-ba86-f761fbcf5e1c,a277308b-77d3-409a-916d-bcb99e37dbb4
user-41,oauth,microsoft,b4ec0886-5750-4112-975a-74d8ed810843,ae07231b-2c36-42a9-a246-d10cd601d8c2,43779d90-7760-447c-a934-64b4c3f95c6d,1693477985,Bearer,read:user user:email,120d16af-1df3-4196-9c33-ed99fb890b11,283f31fb-610c-4372-92a9-58eae64ffcbd
user-42,oauth,google,45971648-fb71-4b48-a4b3-65767a0690d8,74980ec4-5fe5-40da-8067-e93887df8f65,a21df4ce-3049-4a89-b275-0397ef9dec1b,1643113321,Bearer,read:user user:email,e5b205e7-e072-4592-9c65-3350bfa9181b,79b084fc-b628-4154-adbb-dedcf1734a91
user-43,oauth,github,5a0b21de-0113-47b2-a45a-2fc3df1bf64d,c563a6b9-411f-49b1-8897-134cdd87376c,6bc6daa7-604f-4e4d-b7db-39e2219a364b,1668287307,Bearer,read:user user:email,8d02d61c-ec7a-4ed8-bba2-116771e6a0da,257c7d91-8060-41cf-99ce-76c279f7d3e8
user-44,oauth,google,67ceef9c-0176-4c0c-a9e0-da4356ffa366,e08cd006-b62b-4da3-b403-9f5ddacda70f,75e60f62-2848-471b-b382-c9efb867c69b,1700783561,Bearer,read:user user:email,f6d79635-4f1e-4762-8ff1-5bd6871a188d,1a19a257-8f8b-43b2-9dd9-793e54861721
user-45,oauth,google,87f1db7f-dad1-4b02-8461-2e35a2f508c8,07b5318b-5375-47bc-9651-e64690f710e2,762242a3-9e0c-481e-a2cb-e302e5fc202a,1678294993,Bearer,read:user user:email,57eaa74f-6656-4ff4-80b3-29648418dfd5,c7b714b7-247c-4ffb-b395-e4e3b5e0aae1
user-46,oauth,microsoft,3b66e300-4db8-4601-a047-0c18659f5ccc,79145fc7-9031-461e-97ca-f2f577a178c6,544ebad5-4af0-4179-b027-b3b4752fd20a,1681758864,Bearer,read:user user:email,6a557bbe-2bbb-46c9-926a-9c9386870f0d,140d0369-b915-4952-9359-590526324616
user-47,oauth,github,b5e0ec91-952a-472d-8778-7a3b72408ab3,88195bce-736c-4ca6-b13e-6688e4b05de6,330f1085-df94-4f62-8492-1ffed951fc57,1652960509,Bearer,read:user user:email,cc1df008-4132-4c17-8add-39da8693ad07,ff797beb-87b2-4afa-bcae-ead8a5a916fa
user-48,oauth,microsoft,5254e728-c6c0-4996-aa39-58ee2832e755,549d6683-9e67-4a78-ba27-963d0f1ee1eb,5d48d72c-27a3-4d95-a5f4-300f434bfb56,1679176347,Bearer,read:user user:email,54d53e31-1bb3-4d76-9f9f-f0b005887585,bea9bfab-06b6-4c6a-8cb3-2c5ea6086636
user-49,oauth,github,53bef92d-60db-4fac-8fcd-0a2d242690db,ba133de5-cbbc-4441-bf15-51f5687a8e35,e6d71a73-c917-4c17-9aaf-c257ed4ee2ec,1666608420,Bearer,read:user user:email,698347c4-34da-4835-8dd7-837038def8a4,f3b12ce7-19ec-41e9-a4db-59ab8e395568
user-50,oauth,microsoft,61193015-16d9-47ef-95c3-694b022fad4d,666c8f71-42fc-42a7-9bc7-682970cf4796,dfada850-8e8d-40e3-92fa-34bbe2f13e91,1653877484,Bearer,read:user user:email,206f5d60-5934-4da9-95b2-8de9628ae5f6,8c8f7931-81a8-4a95-8d4c-e186c2ab4ba0
user-51,oauth,google,9b38ce1e-7ef9-460b-9860-b79986d40acb,62014453-9925-44f6-b058-9c58f9d024db,3b2cd30f-653e-4473-83bc-77cf36cf7abd,1697171771,Bearer,read:user user:email,dca37eab-6e80-429f-a5d5-f17f8177a942,da50e9a1-c185-48fa-a3b0-4c576d5dc5fd
user-52,oauth,google,0c4cf5ba-1bd2-4fa1-acfa-286eb45f9d61,b30bfb7a-e760-4a3a-a46a-ecd4395fb238,74e4de9a-f779-4369-a643-417eabd45edd,1692686174,Bearer,read:user user:email,cdb64a4a-6a96-4b71-8c7b-62f29be2bbdd,38e5634a-7b04-4de4-b232-d89110b511b8
user-53,oauth,github,ce7b78b0-37c5-492f-a352-b1362675875e,44c81ff7-a81e-4fed-b90b-b5864e9e74b9,ce60e7dc-d6ac-4e0c-a36e-0a856ac566e8,1691040793,Bearer,read:user user:email,f122ac21-6191-4012-b89a-15b93b473b3f,e07782e3-0da2-4ecc-82f5-611003e83120
user-54,oauth,google,bde0125e-9593-416e-845e-6750d166f8aa,9b465979-d56a-4ac7-975c-05a7556053f4,3f359cf1-cfeb-429b-855a-cc2e3f687ddc,1641915375,Bearer,read:user user:email,3a7d2fb3-4558-44dc-9a51-e907640294d3,f50fdeaf-825d-453c-adc0-61c1b2458783
user-55,oauth,github,d09217bb-4ccb-4402-bc72-ba1d66a52689,14cf5d77-6477-467c-a4ba-eeed2ce9d7c0,8d250d38-cc0a-44c2-9da2-053efe4ae07d,1685459976,Bearer,read:user user:email,3d0092ad-0c91-41e6-8381-206b002b63c4,165c6bcc-37e6-4935-a036-890959de5783
user-56,oauth,github,19c17065-cdb6-4d59-bb8f-36fc1b61fe5e,43209c35-46d2-42c5-88b3-a1e4bedd7096,121f308c-a6a8-4183-87c8-98d973a796d8,1697154139,Bearer,read:user user:email,6a3048c5-b60a-4ec5-8bdf-f6bffbb88664,23a02c92-fdf6-4ba5-87c8-150c75987608
user-57,oauth,microsoft,26b9b190-b87d-4860-9065-4b0657811518,2d4b7d55-e7fc-4d27-bdb1-8608e178f489,cdd7a84e-9b28-45ea-aad8-7b0cb1a4757e,1656057489,Bearer,read:user user:email,31a31e0f-1603-4595-a943-2ad34e00d936,01a55996-07a5-4fc3-8dd0-a211642f0a3b
user-58,oauth,github,44135045-6776-4541-af35-2393566a124f,b9ee0fdb-0fa1-46c0-a2db-e0c3993558bb,234d8486-23cc-4461-b6c0-d6fa52fa9d48,1674361174,Bearer,read:user user:email,231a2531-c689-48e2-b7ab-0a769e211664,eddb5598-fedb-4487-be4a-6a6fc3569653
user-59,oauth,microsoft,b81ac1f2-3339-407f-9706-e6389e3a8781,39bdce8a-8acd-44bd-ab34-c17e9a9eae97,c10bc948-2cf0-4541-aedb-bebf6dbe7888,1685657107,Bearer,read:user user:email,9d106f41-6f1b-421d-b370-16d2e2304800,3cf08e87-4a63-40ce-99e5-933627ea22c7
user-60,oauth,microsoft,fea09f85-9aba-4391-95c3-79cde9bceb9b,9fecf945-857d-4dd7-8f1a-635a71e672ab,b4981e79-85d4-41ed-bdb8-cc2f41ad75d2,1664383525,Bearer,read:user user:email,2c7e8f29-2c4e-4227-a089-f88ba5bb6a54,283870b9-86d0-4a14-b8c1-55b7c7579495
user-61,oauth,google,d1d61b5b-a9d4-4503-b076-9a99a9c3ba96,b782c1a7-a358-4e4a-9bce-21548f1d9268,168c76a3-b599-4304-81af-27e4ec8d81b4,1648592581,Bearer,read:user user:email,0898bf9f-d727-48c0-bee0-5720fdb8754b,8c00e0b9-cdb9-4acb-b4d9-d98d4e23692e
user-62,oauth,microsoft,48e6a632-781f-4b40-814b-60e3dd253a6a,04e48396-ba9b-4daf-94f2-96a7c5a2d3a8,491524f4-4516-4120-80ce-7b2f106b6255,1685857333,Bearer,read:user user:email,162a8ef4-efb0-4bb5-884d-e3b034b8b20c,c5faa811-9abc-4e53-876b-a6da5fa7856d
user-63,oauth,microsoft,9b3f26a7-4141-475e-9c3e-0eedc9353499,f0638770-5787-43a3-9c10-5949680c2691,1452afc0-f10d-42ed-8f55-aa421fc902af,1655212435,Bearer,read:user user:email,44df776c-c5aa-4fef-bfbc-47ea10cdc3f6,bfbce4d4-7bd9-4d14-9eb4-8c742ef97a27
user-64,oauth,microsoft,01d2777a-de31-43d6-b75f-590215f4579c,8a06d40a-3b79-440a-aff0-97fec828a287,7d02851d-116a-4bb9-a938-dae7b668fe3c,1701172619,Bearer,read:user user:email,a1a81cd7-0590-4abe-bc05-956af42eceb0,81755d9b-bd36-46b5-8368-e2ab068dfbd3
user-65,oauth,github,2959dfff-3443-44e9-8468-65607b3b110d,5f77f557-9079-4d72-9251-8b255ec8d356,9eef0104-4620-4695-be56-8a11ba15a19d,1664766822,Bearer,read:user user:email,2f0495f8-a518-4d31-97e7-1557a5611501,49ead2f1-f0ee-4550-b1e6-775b1dd9b6df
user-66,oauth,github,8ef9392a-b612-4788-8d66-cf26e6cc35c6,720dd9ae-e467-4683-82b3-8395c1442fd1,75c8a510-aac5-4c27-8cd1-17f3826d7c0a,1700982597,Bearer,read:user user:email,79a5f40d-73a7-421f-9310-4b2a53ee2521,197ba295-4041-4f09-b165-70809a0093db
user-67,oauth,google,85be8081-c1a0-44be-9e6f-b6413aab869c,f2795942-6786-4322-938e-d9c46d507529,fafff919-f105-4db3-81cc-cc9d77957395,1687548967,Bearer,read:user user:email,95163385-1e8f-4746-a0de-0d3435de7849,84aa23db-1ab4-46b8-87df-24e5cc6280f7
user-68,oauth,google,e2ffa0d7-94ce-46cc-9574-3b72e983d21e,f6c47230-8ed5-4034-85a2-28b6789cc9df,66a6d2a2-6b35-4512-ab9c-3fe6a419df88,1659237504,Bearer,read:user user:email,20df9f0a-7d01-4473-ba67-681b692c9615,cbb2b409-1994-42ee-b7da-c5f5692ba371
user-69,oauth,google,d95b63fc-7824-4284-8802-7fffef223cdf,b6d4988f-ddc8-47a9-9268-e1c3495fb6c6,bdaf7cd4-a68d-4379-8539-9048c874f2fe,1671409904,Bearer,read:user user:email,057ae28a-bd27-4557-bb6e-3b9b5f13436c,5228dae5-bb68-447c-b605-f7701d4d5ffa
user-70,oauth,microsoft,fb99cf35-6a7f-4f99-9778-0be1e6bbb376,a5badae4-e775-4f14-849d-f434f17c2eac,d498b86b-b5cf-4fb7-9a9f-723af67a2b05,1674770150,Bearer,read:user user:email,332536e9-e84b-41ae-bc59-b8967022edde,c2f06838-aed5-42ce-910b-a5e3b21479bc
user-71,oauth,github,d17da517-db02-4bf5-929a-18bbf35287a9,7d6c2805-9e96-4523-b623-a9ce4322fc7c,ce9613d1-9a8c-490f-8010-9d6d425111a9,1649685836,Bearer,read:user user:email,e81f072e-7b7d-48cd-912e-0b5d01a43c4f,287cba41-c573-411c-95ca-1ae31aeedfe5
user-72,oauth,github,4b4068a7-b567-4e46-b948-4775bfc919c7,432c0b29-afa0-40cb-8cec-96d03aa4c8fc,fffd7133-b2a5-4b4e-9f3b-b32d45d0f641,1660489748,Bearer,read:user user:email,f4d59b63-f28d-4b9c-968f-f7266e0d3210,1448159f-a862-48a2-9b96-974dfe0c0ee8
user-73,oauth,github,72d46617-ba4b-4efd-8694-add60adfca78,56f7ae72-ce86-4f86-9c65-e44df28f1800,030daad7-6af3-4d6b-87cd-e596d5ca6109,1658034317,Bearer,read:user user:email,a14d713a-d346-4e6e-87ff-153df7e84fc5,cfec8b38-2099-43fe-921b-db3457fcf39b
user-74,oauth,github,8130fcf4-a8a0-4890-95cd-070d7db98350,a5b11a0d-93a2-47ad-b1ee-05246faf0bf6,33cf8298-f523-4c97-b4b7-2565e3aa6f33,1648469005,Bearer,read:user user:email,c4dc1ac0-4531-41e7-8be8-42546947ffbb,13bac742-3641-4121-be2a-ef1764b59878
user-75,oauth,github,2ae49e9d-93e4-4e41-b527-6136e2a2fbd5,22496266-9c61-4b82-a714-d70dc3109777,652ca062-1b64-4641-b528-7f6959fba8b6,1685956321,Bearer,read:user user:email,4f5c6d38-7661-481c-9ef1-d7873edb92d0,3dc66d02-a35b-4851-a2a7-6c6235568d19
user-76,oauth,microsoft,fc76b778-ad70-4431-887f-f5c5cf7e1007,5e99cf47-b301-441f-9a7b-24e947e988a7,ebfae7e5-145e-47bf-823a-b06fedf280fe,1653058612,Bearer,read:user user:email,4c16fb34-2aee-44fb-a262-0693c1dbceb7,835376fd-35e5-4e81-bc76-161a8cfb04a5
user-77,oauth,github,861b526f-c4fb-40c7-910a-799b20e18ec1,4cf5fb32-405c-42aa-9717-1cf60898e571,59bec2e3-3eb7-4e9f-8ee4-4254fae35bff,1654894502,Bearer,read:user user:email,aa102bcd-95ef-4032-807a-61b9b0cf7f16,e16cddd7-86db-49e9-93de-a8bd61cb3f21
user-78,oauth,google,11bee24a-5f3e-4724-b08f-d1cf91f36a2e,5b5ab4f7-6cb1-45d2-a582-1dc37d834041,bbe5fff3-27e5-4b7c-b99c-815cc0d03fc0,1671745931,Bearer,read:user user:email,39cdf673-dd35-41b5-b47b-64d9273ffaa0,2691a419-ebf6-433f-bae2-4a79a967054f
user-79,oauth,google,a3fff44b-8c27-4cfa-b3ae-83731788e529,f7239b09-907a-4263-bb5b-fb68e9b93cb9,d25fb60b-d83a-4c8e-b601-731a5a04d5e9,1690871365,Bearer,read:user user:email,3ccbbb60-0d8d-4b41-9683-0959f56eb1ba,70ed9fa3-0671-4093-99e8-978a3ba50ae6
user-80,oauth,microsoft,6f1a9460-a33a-4f61-adbc-17ed7a83f4be,f2e7bd14-7c4e-43bb-bcc8-e447fa46e3e3,0fb2c161-e8f8-47b4-81f2-95ec2419afee,1680485311,Bearer,read:user user:email,45de8706-1434-4818-910b-1220b39eab83,da3b4442-8cb4-4388-9310-cc702ad87726
user-81,oauth,github,b57d7341-b922-4518-8b2a-f693e1b729b9,c81c3114-c5f9-48a8-94ec-fea29b63c328,2540fc89-cb35-4f6f-b454-2f5194c9dd09,1671278180,Bearer,read:user user:email,ceef5681-6bb7-4b30-b6b4-19c9aca5dfac,26af93e5-5a6c-4ad7-998d-0e7bfc32a718
user-82,oauth,github,274a49b6-9aef-4018-9f7d-6085325825f0,ccf2b2ef-11ad-4390-8d78-62bcd788a1ba,eb3527ca-1dba-405e-907b-6f71e775e8bf,1681566324,Bearer,read:user user:email,4ea53e90-d08e-4651-a2fd-728359df1dde,74fc994f-4d2e-4d3f-8890-b710f733f26b
user-83,oauth,microsoft,d219d6da-f561-414e-b4eb-cc5c4e9374d3,0d79d518-5376-4993-ba42-f0ca1d9e907e,3a5afb96-50d3-48d6-bb7e-5656b2507b9b,1689088244,Bearer,read:user user:email,1d23be3e-09ed-458d-987f-2688de829b9d,b4e927ab-7b3e-4dd2-b529-a2b21a60af7b
user-84,oauth,github,e025f986-3c1e-4d02-b47d-708d4431cfaa,a1e9b187-99c6-4b99-a1e7-45892d885935,6f1f63d5-ba62-495d-8b4d-b118e1a991d8,1650330160,Bearer,read:user user:email,e2d69d22-8af0-4d84-8abd-4d23762be3f1,e11f4310-e07d-4927-937d-7961ba05c6f4
user-85,oauth,github,b3300bc7-356c-4b61-8518-066a60e3ed23,fc29a82a-4900-4707-a444-0c20514d5ff4,6f8db0cb-f03a-43cb-9719-b4fe7d7ce3ae,1643545425,Bearer,read:user user:email,3d050dd4-7b8b-4544-a8cf-32286d474290,1889e392-f278-4ecc-bc32-77694a0abb6e
user-86,oauth,github,c09a7b8f-1e51-496b-8e2c-6e1d59085d4e,7128a6fb-a6bc-4893-9c00-363b9613c394,3e5f3610-0bc4-43f3-a709-1fa24c099799,1666996998,Bearer,read:user user:email,23d7f0b4-dd76-4ac7-b78b-e59ea2387985,1c47352c-76d0-4ee9-ab0d-6fe3dbe9a84f
user-87,oauth,github,31bc599c-bffb-450e-903e-7a35281ffbf2,42fb67f3-ea65-4ef5-a648-9425cc7904c7,aec4c1c4-10f4-43c9-af0b-5fb0dc498245,1663776733,Bearer,read:user user:email,1c4b901b-609e-4e1a-bb11-e711477da972,35d9b12f-e19b-450a-ae07-06e7f5e1c9bb
user-88,oauth,google,30ea4bdc-0de2-4b1f-b527-6f4f41ea52b3,327ea776-6b40-444b-a520-2fb1671f0967,b8977a89-724e-4722-9014-553865296437,1673364578,Bearer,read:user user:email,096ec05c-8fb5-434a-b780-c6703ef47725,bd88cba8-755c-41a6-b0f3-3124ffd66ad7
user-89,oauth,google,928ede68-bb9c-4300-8c39-4c9faeaa82dd,fdb4beb7-24fe-4f6a-a701-3aedf6019c07,244053f4-43e9-4d7b-a1b7-6ea827cd1e4f,1667892599,Bearer,read:user user:email,3cdaf978-479c-4f13-a47c-ed6d4740d706,a11d5234-11b4-46d9-bf1b-b37d80eff890
user-90,oauth,microsoft,4bde819f-d4c0-4314-a43e-a298d0752a8f,f5939048-8903-47a2-b989-003fc1f91889,86a474c8-044e-499a-adc4-2e5f23a1330e,1650971972,Bearer,read:user user:email,445e5641-3489-424a-866f-5ec34e3f1263,7e7397ec-16a4-41f7-984b-8cf54b630f1c
user-91,oauth,google,09886187-68f8-42f3-b16a-cb65e5a46017,2a98f3d7-0f92-4395-89d8-e8f92dfeda69,d79f49ce-4fd7-4dab-92cb-f5204324efaf,1646876046,Bearer,read:user user:email,5943338c-b372-4963-8149-be4dd21d3d2c,33c53ca0-3fc1-4bae-a392-660d3dafd370
user-92,oauth,github,fc45bc9e-87c0-4c6b-b39e-91793f78f661,6987ccff-8054-478c-ae66-d1cbb283b019,22692227-397f-44b6-9557-286bd7e334f6,1698351111,Bearer,read:user user:email,eba6cd17-fb5f-46ef-834f-479ce20e6d88,17bdba65-67b7-4e92-aef6-0b98f3efedaf
user-93,oauth,github,8b2f791c-d4d1-4f11-9adf-16f64a65e9d3,7e400d85-e53e-4037-a743-8eb382967d09,6364acd9-68e5-4478-aa8b-824004ffd4b5,1692847038,Bearer,read:user user:email,c8535186-51ff-44e8-ab69-7289346ba57f,29d51d68-7df6-4ee1-8b3b-50129143d8ca
user-94,oauth,microsoft,6806dd91-f610-4513-9329-fd8c3166d76c,dc28a088-5849-46bb-88e5-c04a0476c6d1,e8097090-0b4a-44e9-b2b5-b396450e526d,1678883405,Bearer,read:user user:email,c0739a26-666e-45da-9124-ad5669b16074,dad0a745-b19d-4c72-9574-b0123d8dd32f
user-95,oauth,microsoft,47f3eef0-3f52-4286-9229-38aca39f9d10,31bd3ea1-facf-4cf5-a9cc-c5a4917f4008,c3f6f9e2-f91f-4e4b-8015-9a1872905100,1691153861,Bearer,read:user user:email,2c8aa8ab-975b-4077-aefd-de2c7fe6f370,a6353641-ce90-4ac2-a5fe-28cd9862fe9d
user-96,oauth,github,e269d2c9-06c3-4d5a-b750-36bd76777e02,9c9ad8cc-52b2-4b7e-8e60-51af7c9239d3,8b0e7494-fbf3-49a8-83d0-9d1b1f79549d,1641068201,Bearer,read:user user:email,8335fe9e-52f7-45d6-97e1-37512b14c373,f6da43b1-301a-45a3-94a5-0da73f1b1239
user-97,oauth,microsoft,660458b0-1193-4a25-8d7e-35326c059aac,c0175f35-87c5-49a3-81b4-34bbd51afddb,b798ca58-2ce0-41e0-bdc0-74c179b26754,1703943919,Bearer,read:user user:email,d26b3365-0959-4747-8c23-a0f71abb4a2a,4a8e1bc6-b044-4092-b068-63f679495092
user-98,oauth,github,47cbd8cc-b869-4878-ac86-ece403e0006c,70a6b463-056f-4776-a3ca-7af327cca67d,fcf077c5-ac8b-48f3-bc4c-facb87d09f40,1678107838,Bearer,read:user user:email,99172353-e918-4880-8ba1-643bc6fd37ff,22ae3f11-9a94-4e11-867a-c6fdae7dc630
user-99,oauth,github,65b9d469-8abc-48c1-be73-8defb43fbd0e,fca40cd7-f696-4bc2-ac9a-8ba9bcd00dff,7cef1e2b-7a08-4d04-b288-6a9653604b5c,1692957705,Bearer,read:user user:email,8a1e1ea2-2a89-4501-932c-2eec2a08ce81,630eeb93-de24-4780-8439-d780f041edc5
user-100,oauth,microsoft,e01a82fd-495e-4915-a8be-dc23286afe04,d76e8e35-d6f6-4646-8b1e-936c9e43bad6,f94edbf6-e34b-455b-9acf-300536182751,1680525963,Bearer,read:user user:email,83e63984-769b-469f-860e-a55f53d77fb4,276d7525-1460-4e52-95b4-827461f08fc3
