identifier,token,expires
sullivanjames@example.com,bf0144a8-0404-445d-b45d-a5c3c5100bf8,2025-10-02T04:47:29.365816
samosirtitin@example.org,f905b215-d956-453c-861d-7873a282be08,2025-10-01T18:37:59.039127
chapmantracy@example.com,34de4250-a68a-4d8b-ba38-49d987b4b4d7,2025-10-02T04:37:18.788961
tammyherman@example.com,a55bc86d-0bda-4c44-a015-d369713bd4b1,2025-10-01T18:43:06.408598
welchjoseph@example.com,19a00e74-41f4-4c0c-8a63-5dd42d77d8d4,2025-10-01T23:06:15.404488
jameslinda@example.org,2001deaf-146e-4c94-bb55-82bc3c7682ff,2025-10-01T10:55:00.697922
lindsay27@example.org,e95d906a-5e5f-430b-a3f8-0d34345cf599,2025-10-02T06:43:58.282763
robinweaver@example.com,e2327256-981f-4e1f-bdc7-93eb72629b88,2025-10-01T20:34:42.318597
jacksonrenee@example.com,5f7cec27-713c-4854-b00a-861eac2fdab6,2025-10-02T04:41:13.586726
vallen@example.net,1c7c7e5f-9dde-421d-99af-1da738cad7f2,2025-10-01T12:32:51.336738
ybarnes@example.com,c354f769-bea6-418e-90c5-fd55f193037d,2025-10-02T08:28:37.361448
pardimaulana@example.com,c83d87d9-b00f-4c04-9027-8d1695536c70,2025-10-02T06:09:00.190038
praba32@example.com,ff797c68-20ed-4736-9da4-78b82683fac8,2025-10-01T19:29:13.348013
jeremy41@example.net,36275d78-82c1-43c5-a25d-1e0dcd74e5f2,2025-10-01T09:49:38.357954
mujurpuspita@example.net,823199cd-ecbc-44f3-83a9-b26b05d4b4be,2025-10-01T15:15:08.458456
pharrell@example.com,6177bd15-ba4b-41a1-b69d-b8a368be7d1e,2025-10-02T04:22:09.214852
brianterry@example.net,1064b66f-35dc-40a3-9f93-cad408d849cb,2025-10-01T13:07:40.973056
johnrodriguez@example.com,94246d04-6402-4dc0-9038-0d2cf5797396,2025-10-02T04:17:12.600701
wijayaparamita@example.net,8a9f8bdb-d9a9-4202-aa1c-e41b09dd4e81,2025-10-01T10:54:05.095592
jumaritarihoran@example.com,1f8718d2-3d5f-4d99-b184-c20a852842dc,2025-10-02T03:17:32.834129
